{
  "factor": 8,
  "embedding_size": 16,
  "protocol": {
    "num_neg_eval": 99,
    "ks": [
      5,
      10,
      20
    ]
  },
  "MF": {
    "ndcg": {
      "5": 0.11717734950517035,
      "10": 0.16105726262817235,
      "20": 0.2089817068949691
    },
    "hr": {
      "5": 0.18526490066225165,
      "10": 0.3220198675496689,
      "20": 0.5129139072847683
    }
  },
  "NCF": {
    "ndcg": {
      "5": 0.09566684488687964,
      "10": 0.1281863310599742,
      "20": 0.1668496893791581
    },
    "hr": {
      "5": 0.151158940397351,
      "10": 0.25248344370860926,
      "20": 0.4062913907284768
    }
  },
  "SASRec-NCF": {
    "ndcg": {
      "5": 0.11617249052898725,
      "10": 0.15423104623625739,
      "20": 0.19382139211187527
    },
    "hr": {
      "5": 0.17798013245033112,
      "10": 0.29635761589403975,
      "20": 0.45331125827814567
    }
  },
  "NA-Mean": {
    "ndcg": {
      "5": 0.11599853604141105,
      "10": 0.15379091126809893,
      "20": 0.19603875432225532
    },
    "hr": {
      "5": 0.18162251655629139,
      "10": 0.2998344370860927,
      "20": 0.468046357615894
    }
  },
  "NeighborAware": {
    "ndcg": {
      "5": 0.10547362512148291,
      "10": 0.14268518424248383,
      "20": 0.18459332725506308
    },
    "hr": {
      "5": 0.1672185430463576,
      "10": 0.28294701986754967,
      "20": 0.4501655629139073
    }
  }
}