{
  "factor": 8,
  "embedding_size": 16,
  "protocol": {
    "num_neg_eval": 99,
    "ks": [
      5,
      10,
      20
    ]
  },
  "MF": {
    "ndcg": {
      "5": 0.11978858213857645,
      "10": 0.1611051629356856,
      "20": 0.2092857190172245
    },
    "hr": {
      "5": 0.19337748344370861,
      "10": 0.3220198675496689,
      "20": 0.5134105960264901
    }
  },
  "NCF": {
    "ndcg": {
      "5": 0.10299152753856401,
      "10": 0.135153933331937,
      "20": 0.1733008790583413
    },
    "hr": {
      "5": 0.16125827814569538,
      "10": 0.2619205298013245,
      "20": 0.41291390728476823
    }
  },
  "SASRec-NCF": {
    "ndcg": {
      "5": 0.12392848473145232,
      "10": 0.1598443450106731,
      "20": 0.2045796327012213
    },
    "hr": {
      "5": 0.1935430463576159,
      "10": 0.30596026490066225,
      "20": 0.48327814569536426
    }
  },
  "NA-Mean": {
    "ndcg": {
      "5": 0.12319613900782428,
      "10": 0.15941189565700756,
      "20": 0.201588204061732
    },
    "hr": {
      "5": 0.18543046357615894,
      "10": 0.29817880794701984,
      "20": 0.4653973509933775
    }
  },
  "NeighborAware": {
    "ndcg": {
      "5": 0.11377607571454655,
      "10": 0.14784614599321955,
      "20": 0.18983817744076592
    },
    "hr": {
      "5": 0.17764900662251656,
      "10": 0.28410596026490065,
      "20": 0.451158940397351
    }
  }
}