{
  "factor": 8,
  "embedding_size": 16,
  "protocol": {
    "num_neg_eval": 99,
    "ks": [
      5,
      10,
      20
    ]
  },
  "MF": {
    "ndcg": {
      "5": 0.11628922103702545,
      "10": 0.15704182233270406,
      "20": 0.20553458791680246
    },
    "hr": {
      "5": 0.1880794701986755,
      "10": 0.31556291390728475,
      "20": 0.508112582781457
    }
  },
  "NCF": {
    "ndcg": {
      "5": 0.10026387615891404,
      "10": 0.1343215608771113,
      "20": 0.1721819415255783
    },
    "hr": {
      "5": 0.1562913907284768,
      "10": 0.26175496688741723,
      "20": 0.41258278145695365
    }
  },
  "SASRec-NCF": {
    "ndcg": {
      "5": 0.11929440714650431,
      "10": 0.15676616160667953,
      "20": 0.19924954918328672
    },
    "hr": {
      "5": 0.18327814569536424,
      "10": 0.2996688741721854,
      "20": 0.4683774834437086
    }
  },
  "NA-Mean": {
    "ndcg": {
      "5": 0.11798263292748175,
      "10": 0.15344051532552241,
      "20": 0.1953910472575122
    },
    "hr": {
      "5": 0.1814569536423841,
      "10": 0.29172185430463576,
      "20": 0.4589403973509934
    }
  },
  "NeighborAware": {
    "ndcg": {
      "5": 0.10583505108320065,
      "10": 0.1417130453350962,
      "20": 0.18266278365131333
    },
    "hr": {
      "5": 0.16572847682119204,
      "10": 0.27781456953642386,
      "20": 0.4417218543046358
    }
  }
}