{
  "factor": 8,
  "embedding_size": 16,
  "protocol": {
    "num_neg_eval": 99,
    "ks": [
      5,
      10,
      20
    ]
  },
  "MF": {
    "ndcg": {
      "5": 0.13531790670543323,
      "10": 0.17636424933406789,
      "20": 0.22347928547529114
    },
    "hr": {
      "5": 0.2099337748344371,
      "10": 0.3380794701986755,
      "20": 0.5256622516556292
    }
  },
  "NCF": {
    "ndcg": {
      "5": 0.09992958772554264,
      "10": 0.1340856167315284,
      "20": 0.17179103251475958
    },
    "hr": {
      "5": 0.1566225165562914,
      "10": 0.2630794701986755,
      "20": 0.41274834437086094
    }
  },
  "SASRec-NCF": {
    "ndcg": {
      "5": 0.11464160068431359,
      "10": 0.15498400822801486,
      "20": 0.19791506323822824
    },
    "hr": {
      "5": 0.17731788079470198,
      "10": 0.3029801324503311,
      "20": 0.4735099337748344
    }
  },
  "NA-Mean": {
    "ndcg": {
      "5": 0.11394491241851668,
      "10": 0.14862737151410738,
      "20": 0.19389053302590734
    },
    "hr": {
      "5": 0.17533112582781457,
      "10": 0.28311258278145696,
      "20": 0.46241721854304635
    }
  },
  "NeighborAware": {
    "ndcg": {
      "5": 0.11458894005697667,
      "10": 0.15010082643170378,
      "20": 0.19041693166872511
    },
    "hr": {
      "5": 0.17682119205298014,
      "10": 0.28791390728476823,
      "20": 0.44751655629139075
    }
  }
}